Instance;min sol
8x2_1_JobCorre_R_inter;326
8x2_1_JobCorre_R_uni;269
8x2_1_MachCorre_R_inter;172
8x2_1_MachCorre_R_uni;241
8x2_1_U_1_100__R_inter;194
8x2_1_U_1_100__R_uni;139
8x2_1_U_10_100__R_inter;204
8x2_1_U_10_100__R_uni;171
8x2_1_U_100_200__R_inter;544
8x2_1_U_100_200__R_uni;577
8x2_2_JobCorre_R_inter;225
8x2_2_JobCorre_R_uni;232
8x2_2_MachCorre_R_inter;66
8x2_2_MachCorre_R_uni;175
8x2_2_U_1_100__R_inter;115
8x2_2_U_1_100__R_uni;176
8x2_2_U_10_100__R_inter;133
8x2_2_U_10_100__R_uni;196
8x2_2_U_100_200__R_inter;517
8x2_2_U_100_200__R_uni;602
8x2_3_JobCorre_R_inter;262
8x2_3_JobCorre_R_uni;195
8x2_3_MachCorre_R_inter;192
8x2_3_MachCorre_R_uni;427
8x2_3_U_1_100__R_inter;106
8x2_3_U_1_100__R_uni;154
8x2_3_U_10_100__R_inter;133
8x2_3_U_10_100__R_uni;185
8x2_3_U_100_200__R_inter;504
8x2_3_U_100_200__R_uni;576
8x2_4_JobCorre_R_inter;128
8x2_4_JobCorre_R_uni;269
8x2_4_MachCorre_R_inter;272
8x2_4_MachCorre_R_uni;368
8x2_4_U_1_100__R_inter;184
8x2_4_U_1_100__R_uni;177
8x2_4_U_10_100__R_inter;194
8x2_4_U_10_100__R_uni;201
8x2_4_U_100_200__R_inter;598
8x2_4_U_100_200__R_uni;602
8x2_5_JobCorre_R_inter;462
8x2_5_JobCorre_R_uni;280
8x2_5_MachCorre_R_inter;107
8x2_5_MachCorre_R_uni;189
8x2_5_U_1_100__R_inter;193
8x2_5_U_1_100__R_uni;161
8x2_5_U_10_100__R_inter;212
8x2_5_U_10_100__R_uni;183
8x2_5_U_100_200__R_inter;591
8x2_5_U_100_200__R_uni;559
8x4_1_JobCorre_R_inter;124
8x4_1_JobCorre_R_uni;119
8x4_1_MachCorre_R_inter;174
8x4_1_MachCorre_R_uni;123
8x4_1_U_1_100__R_inter;80
8x4_1_U_1_100__R_uni;66
8x4_1_U_10_100__R_inter;91
8x4_1_U_10_100__R_uni;78
8x4_1_U_100_200__R_inter;279
8x4_1_U_100_200__R_uni;275
8x4_2_JobCorre_R_inter;164
8x4_2_JobCorre_R_uni;120
8x4_2_MachCorre_R_inter;60
8x4_2_MachCorre_R_uni;95
8x4_2_U_1_100__R_inter;90
8x4_2_U_1_100__R_uni;61
8x4_2_U_10_100__R_inter;98
8x4_2_U_10_100__R_uni;80
8x4_2_U_100_200__R_inter;300
8x4_2_U_100_200__R_uni;288
8x4_3_JobCorre_R_inter;152
8x4_3_JobCorre_R_uni;89
8x4_3_MachCorre_R_inter;93
8x4_3_MachCorre_R_uni;158
8x4_3_U_1_100__R_inter;53
8x4_3_U_1_100__R_uni;63
8x4_3_U_10_100__R_inter;67
8x4_3_U_10_100__R_uni;78
8x4_3_U_100_200__R_inter;260
8x4_3_U_100_200__R_uni;284
8x4_4_JobCorre_R_inter;188
8x4_4_JobCorre_R_uni;103
8x4_4_MachCorre_R_inter;74
8x4_4_MachCorre_R_uni;49
8x4_4_U_1_100__R_inter;70
8x4_4_U_1_100__R_uni;47
8x4_4_U_10_100__R_inter;82
8x4_4_U_10_100__R_uni;70
8x4_4_U_100_200__R_inter;269
8x4_4_U_100_200__R_uni;287
8x4_5_JobCorre_R_inter;145
8x4_5_JobCorre_R_uni;123
8x4_5_MachCorre_R_inter;113
8x4_5_MachCorre_R_uni;129
8x4_5_U_1_100__R_inter;73
8x4_5_U_1_100__R_uni;65
8x4_5_U_10_100__R_inter;76
8x4_5_U_10_100__R_uni;77
8x4_5_U_100_200__R_inter;276
8x4_5_U_100_200__R_uni;266
8x6_1_JobCorre_R_inter;103
8x6_1_JobCorre_R_uni;106
8x6_1_MachCorre_R_inter;46
8x6_1_MachCorre_R_uni;71
8x6_1_U_1_100__R_inter;36
8x6_1_U_1_100__R_uni;58
8x6_1_U_10_100__R_inter;42
8x6_1_U_10_100__R_uni;62
8x6_1_U_100_200__R_inter;214
8x6_1_U_100_200__R_uni;218
8x6_2_JobCorre_R_inter;82
8x6_2_JobCorre_R_uni;99
8x6_2_MachCorre_R_inter;95
8x6_2_MachCorre_R_uni;80
8x6_2_U_1_100__R_inter;27
8x6_2_U_1_100__R_uni;34
8x6_2_U_10_100__R_inter;50
8x6_2_U_10_100__R_uni;45
8x6_2_U_100_200__R_inter;212
8x6_2_U_100_200__R_uni;212
8x6_3_JobCorre_R_inter;102
8x6_3_JobCorre_R_uni;93
8x6_3_MachCorre_R_inter;41
8x6_3_MachCorre_R_uni;74
8x6_3_U_1_100__R_inter;32
8x6_3_U_1_100__R_uni;43
8x6_3_U_10_100__R_inter;48
8x6_3_U_10_100__R_uni;48
8x6_3_U_100_200__R_inter;223
8x6_3_U_100_200__R_uni;227
8x6_4_JobCorre_R_inter;156
8x6_4_JobCorre_R_uni;98
8x6_4_MachCorre_R_inter;73
8x6_4_MachCorre_R_uni;100
8x6_4_U_1_100__R_inter;38
8x6_4_U_1_100__R_uni;39
8x6_4_U_10_100__R_inter;43
8x6_4_U_10_100__R_uni;50
8x6_4_U_100_200__R_inter;228
8x6_4_U_100_200__R_uni;214
8x6_5_JobCorre_R_inter;92
8x6_5_JobCorre_R_uni;82
8x6_5_MachCorre_R_inter;106
8x6_5_MachCorre_R_uni;72
8x6_5_U_1_100__R_inter;46
8x6_5_U_1_100__R_uni;56
8x6_5_U_10_100__R_inter;57
8x6_5_U_10_100__R_uni;61
8x6_5_U_100_200__R_inter;242
8x6_5_U_100_200__R_uni;224
12x2_1_JobCorre_R_inter;326
12x2_1_JobCorre_R_uni;483
12x2_1_MachCorre_R_inter;329
12x2_1_MachCorre_R_uni;287
12x2_1_U_1_100__R_inter;171
12x2_1_U_1_100__R_uni;261
12x2_1_U_10_100__R_inter;205
12x2_1_U_10_100__R_uni;296
12x2_1_U_100_200__R_inter;774
12x2_1_U_100_200__R_uni;866
12x2_2_JobCorre_R_inter;323
12x2_2_JobCorre_R_uni;348
12x2_2_MachCorre_R_inter;204
12x2_2_MachCorre_R_uni;585
12x2_2_U_1_100__R_inter;322
12x2_2_U_1_100__R_uni;312
12x2_2_U_10_100__R_inter;341
12x2_2_U_10_100__R_uni;340
12x2_2_U_100_200__R_inter;913
12x2_2_U_100_200__R_uni;923
12x2_3_JobCorre_R_inter;368
12x2_3_JobCorre_R_uni;304
12x2_3_MachCorre_R_inter;180
12x2_3_MachCorre_R_uni;121
12x2_3_U_1_100__R_inter;281
12x2_3_U_1_100__R_uni;265
12x2_3_U_10_100__R_inter;320
12x2_3_U_10_100__R_uni;304
12x2_3_U_100_200__R_inter;978
12x2_3_U_100_200__R_uni;884
12x2_4_JobCorre_R_inter;464
12x2_4_JobCorre_R_uni;372
12x2_4_MachCorre_R_inter;301
12x2_4_MachCorre_R_uni;359
12x2_4_U_1_100__R_inter;280
12x2_4_U_1_100__R_uni;296
12x2_4_U_10_100__R_inter;309
12x2_4_U_10_100__R_uni;324
12x2_4_U_100_200__R_inter;876
12x2_4_U_100_200__R_uni;898
12x2_5_JobCorre_R_inter;595
12x2_5_JobCorre_R_uni;471
12x2_5_MachCorre_R_inter;468
12x2_5_MachCorre_R_uni;211
12x2_5_U_1_100__R_inter;247
12x2_5_U_1_100__R_uni;276
12x2_5_U_10_100__R_inter;273
12x2_5_U_10_100__R_uni;304
12x2_5_U_100_200__R_inter;881
12x2_5_U_100_200__R_uni;874
12x4_1_JobCorre_R_inter;232
12x4_1_JobCorre_R_uni;198
12x4_1_MachCorre_R_inter;214
12x4_1_MachCorre_R_uni;229
12x4_1_U_1_100__R_inter;93
12x4_1_U_1_100__R_uni;70
12x4_1_U_10_100__R_inter;108
12x4_1_U_10_100__R_uni;98
12x4_1_U_100_200__R_inter;403
12x4_1_U_100_200__R_uni;388
12x4_2_JobCorre_R_inter;175
12x4_2_JobCorre_R_uni;169
12x4_2_MachCorre_R_inter;105
12x4_2_MachCorre_R_uni;261
12x4_2_U_1_100__R_inter;84
12x4_2_U_1_100__R_uni;93
12x4_2_U_10_100__R_inter;106
12x4_2_U_10_100__R_uni;120
12x4_2_U_100_200__R_inter;407
12x4_2_U_100_200__R_uni;403
12x4_3_JobCorre_R_inter;148
12x4_3_JobCorre_R_uni;162
12x4_3_MachCorre_R_inter;107
12x4_3_MachCorre_R_uni;72
12x4_3_U_1_100__R_inter;74
12x4_3_U_1_100__R_uni;66
12x4_3_U_10_100__R_inter;95
12x4_3_U_10_100__R_uni;91
12x4_3_U_100_200__R_inter;372
12x4_3_U_100_200__R_uni;368
12x4_4_JobCorre_R_inter;189
12x4_4_JobCorre_R_uni;187
12x4_4_MachCorre_R_inter;131
12x4_4_MachCorre_R_uni;133
12x4_4_U_1_100__R_inter;90
12x4_4_U_1_100__R_uni;81
12x4_4_U_10_100__R_inter;110
12x4_4_U_10_100__R_uni;110
12x4_4_U_100_200__R_inter;392
12x4_4_U_100_200__R_uni;396
12x4_5_JobCorre_R_inter;184
12x4_5_JobCorre_R_uni;172
12x4_5_MachCorre_R_inter;93
12x4_5_MachCorre_R_uni;43
12x4_5_U_1_100__R_inter;78
12x4_5_U_1_100__R_uni;61
12x4_5_U_10_100__R_inter;102
12x4_5_U_10_100__R_uni;78
12x4_5_U_100_200__R_inter;383
12x4_5_U_100_200__R_uni;359
12x6_1_JobCorre_R_inter;145
12x6_1_JobCorre_R_uni;146
12x6_1_MachCorre_R_inter;62
12x6_1_MachCorre_R_uni;63
12x6_1_U_1_100__R_inter;49
12x6_1_U_1_100__R_uni;57
12x6_1_U_10_100__R_inter;57
12x6_1_U_10_100__R_uni;61
12x6_1_U_100_200__R_inter;250
12x6_1_U_100_200__R_uni;263
12x6_2_JobCorre_R_inter;107
12x6_2_JobCorre_R_uni;104
12x6_2_MachCorre_R_inter;145
12x6_2_MachCorre_R_uni;95
12x6_2_U_1_100__R_inter;54
12x6_2_U_1_100__R_uni;28
12x6_2_U_10_100__R_inter;61
12x6_2_U_10_100__R_uni;45
12x6_2_U_100_200__R_inter;260
12x6_2_U_100_200__R_uni;265
12x6_3_JobCorre_R_inter;141
12x6_3_JobCorre_R_uni;137
12x6_3_MachCorre_R_inter;58
12x6_3_MachCorre_R_uni;89
12x6_3_U_1_100__R_inter;57
12x6_3_U_1_100__R_uni;55
12x6_3_U_10_100__R_inter;71
12x6_3_U_10_100__R_uni;68
12x6_3_U_100_200__R_inter;281
12x6_3_U_100_200__R_uni;267
12x6_4_JobCorre_R_inter;167
12x6_4_JobCorre_R_uni;155
12x6_4_MachCorre_R_inter;52
12x6_4_MachCorre_R_uni;104
12x6_4_U_1_100__R_inter;44
12x6_4_U_1_100__R_uni;54
12x6_4_U_10_100__R_inter;54
12x6_4_U_10_100__R_uni;74
12x6_4_U_100_200__R_inter;249
12x6_4_U_100_200__R_uni;282
12x6_5_JobCorre_R_inter;159
12x6_5_JobCorre_R_uni;103
12x6_5_MachCorre_R_inter;187
12x6_5_MachCorre_R_uni;107
12x6_5_U_1_100__R_inter;51
12x6_5_U_1_100__R_uni;52
12x6_5_U_10_100__R_inter;65
12x6_5_U_10_100__R_uni;64
12x6_5_U_100_200__R_inter;251
12x6_5_U_100_200__R_uni;252
16x2_1_JobCorre_R_inter;561
16x2_1_JobCorre_R_uni;494
16x2_1_MachCorre_R_inter;421
16x2_1_MachCorre_R_uni;559
16x2_1_U_1_100__R_inter;332
16x2_1_U_1_100__R_uni;264
16x2_1_U_10_100__R_inter;357
16x2_1_U_10_100__R_uni;326
16x2_1_U_100_200__R_inter;1063
16x2_1_U_100_200__R_uni;1182
16x2_2_JobCorre_R_inter;422
16x2_2_JobCorre_R_uni;506
16x2_2_MachCorre_R_inter;1342
16x2_2_MachCorre_R_uni;368
16x2_2_U_1_100__R_inter;413
16x2_2_U_1_100__R_uni;289
16x2_2_U_10_100__R_inter;447
16x2_2_U_10_100__R_uni;340
16x2_2_U_100_200__R_inter;1208
16x2_2_U_100_200__R_uni;1100
16x2_3_JobCorre_R_inter;472
16x2_3_JobCorre_R_uni;545
16x2_3_MachCorre_R_inter;230
16x2_3_MachCorre_R_uni;220
16x2_3_U_1_100__R_inter;381
16x2_3_U_1_100__R_uni;276
16x2_3_U_10_100__R_inter;410
16x2_3_U_10_100__R_uni;322
16x2_3_U_100_200__R_inter;1110
16x2_3_U_100_200__R_uni;1070
16x2_4_JobCorre_R_inter;560
16x2_4_JobCorre_R_uni;440
16x2_4_MachCorre_R_inter;588
16x2_4_MachCorre_R_uni;213
16x2_4_U_1_100__R_inter;213
16x2_4_U_1_100__R_uni;325
16x2_4_U_10_100__R_inter;259
16x2_4_U_10_100__R_uni;372
16x2_4_U_100_200__R_inter;1005
16x2_4_U_100_200__R_uni;1158
16x2_5_JobCorre_R_inter;596
16x2_5_JobCorre_R_uni;358
16x2_5_MachCorre_R_inter;488
16x2_5_MachCorre_R_uni;660
16x2_5_U_1_100__R_inter;444
16x2_5_U_1_100__R_uni;251
16x2_5_U_10_100__R_inter;459
16x2_5_U_10_100__R_uni;305
16x2_5_U_100_200__R_inter;1126
16x2_5_U_100_200__R_uni;1064
16x4_1_JobCorre_R_inter;301
16x4_1_JobCorre_R_uni;216
16x4_1_MachCorre_R_inter;181
16x4_1_MachCorre_R_uni;140
16x4_1_U_1_100__R_inter;80
16x4_1_U_1_100__R_uni;90
16x4_1_U_10_100__R_inter;109
16x4_1_U_10_100__R_uni;121
16x4_1_U_100_200__R_inter;488
16x4_1_U_100_200__R_uni;508
16x4_2_JobCorre_R_inter;229
16x4_2_JobCorre_R_uni;253
16x4_2_MachCorre_R_inter;144
16x4_2_MachCorre_R_uni;222
16x4_2_U_1_100__R_inter;107
16x4_2_U_1_100__R_uni;117
16x4_2_U_10_100__R_inter;135
16x4_2_U_10_100__R_uni;148
16x4_2_U_100_200__R_inter;504
16x4_2_U_100_200__R_uni;533
16x4_3_JobCorre_R_inter;273
16x4_3_JobCorre_R_uni;227
16x4_3_MachCorre_R_inter;233
16x4_3_MachCorre_R_uni;85
16x4_3_U_1_100__R_inter;100
16x4_3_U_1_100__R_uni;82
16x4_3_U_10_100__R_inter;130
16x4_3_U_10_100__R_uni;118
16x4_3_U_100_200__R_inter;510
16x4_3_U_100_200__R_uni;505
16x4_4_JobCorre_R_inter;245
16x4_4_JobCorre_R_uni;193
16x4_4_MachCorre_R_inter;158
16x4_4_MachCorre_R_uni;114
16x4_4_U_1_100__R_inter;113
16x4_4_U_1_100__R_uni;74
16x4_4_U_10_100__R_inter;141
16x4_4_U_10_100__R_uni;114
16x4_4_U_100_200__R_inter;563
16x4_4_U_100_200__R_uni;549
16x4_5_JobCorre_R_inter;218
16x4_5_JobCorre_R_uni;252
16x4_5_MachCorre_R_inter;130
16x4_5_MachCorre_R_uni;183
16x4_5_U_1_100__R_inter;87
16x4_5_U_1_100__R_uni;106
16x4_5_U_10_100__R_inter;114
16x4_5_U_10_100__R_uni;128
16x4_5_U_100_200__R_inter;504
16x4_5_U_100_200__R_uni;512
16x6_1_JobCorre_R_inter;141
16x6_1_JobCorre_R_uni;147
16x6_1_MachCorre_R_inter;123
16x6_1_MachCorre_R_uni;115
16x6_1_U_1_100__R_inter;66
16x6_1_U_1_100__R_uni;62
16x6_1_U_10_100__R_inter;85
16x6_1_U_10_100__R_uni;82
16x6_1_U_100_200__R_inter;356
16x6_1_U_100_200__R_uni;361
16x6_2_JobCorre_R_inter;155
16x6_2_JobCorre_R_uni;192
16x6_2_MachCorre_R_inter;126
16x6_2_MachCorre_R_uni;53
16x6_2_U_1_100__R_inter;48
16x6_2_U_1_100__R_uni;55
16x6_2_U_10_100__R_inter;69
16x6_2_U_10_100__R_uni;74
16x6_2_U_100_200__R_inter;344
16x6_2_U_100_200__R_uni;343
16x6_3_JobCorre_R_inter;169
16x6_3_JobCorre_R_uni;166
16x6_3_MachCorre_R_inter;103
16x6_3_MachCorre_R_uni;169
16x6_3_U_1_100__R_inter;64
16x6_3_U_1_100__R_uni;50
16x6_3_U_10_100__R_inter;81
16x6_3_U_10_100__R_uni;65
16x6_3_U_100_200__R_inter;356
16x6_3_U_100_200__R_uni;334
16x6_4_JobCorre_R_inter;128
16x6_4_JobCorre_R_uni;135
16x6_4_MachCorre_R_inter;145
16x6_4_MachCorre_R_uni;80
16x6_4_U_1_100__R_inter;47
16x6_4_U_1_100__R_uni;35
16x6_4_U_10_100__R_inter;69
16x6_4_U_10_100__R_uni;57
16x6_4_U_100_200__R_inter;326
16x6_4_U_100_200__R_uni;331
16x6_5_JobCorre_R_inter;168
16x6_5_JobCorre_R_uni;126
16x6_5_MachCorre_R_inter;161
16x6_5_MachCorre_R_uni;72
16x6_5_U_1_100__R_inter;70
16x6_5_U_1_100__R_uni;56
16x6_5_U_10_100__R_inter;86
16x6_5_U_10_100__R_uni;78
16x6_5_U_100_200__R_inter;356
16x6_5_U_100_200__R_uni;335
20x2_1_JobCorre_R_inter;532
20x2_1_JobCorre_R_uni;559
20x2_1_MachCorre_R_inter;670
20x2_1_MachCorre_R_uni;555
20x2_1_U_1_100__R_inter;398
20x2_1_U_1_100__R_uni;343
20x2_1_U_10_100__R_inter;454
20x2_1_U_10_100__R_uni;397
20x2_1_U_100_200__R_inter;1389
20x2_1_U_100_200__R_uni;1397
20x2_2_JobCorre_R_inter;762
20x2_2_JobCorre_R_uni;690
20x2_2_MachCorre_R_inter;318
20x2_2_MachCorre_R_uni;189
20x2_2_U_1_100__R_inter;370
20x2_2_U_1_100__R_uni;376
20x2_2_U_10_100__R_inter;427
20x2_2_U_10_100__R_uni;443
20x2_2_U_100_200__R_inter;1364
20x2_2_U_100_200__R_uni;1393
20x2_3_JobCorre_R_inter;582
20x2_3_JobCorre_R_uni;678
20x2_3_MachCorre_R_inter;1024
20x2_3_MachCorre_R_uni;682
20x2_3_U_1_100__R_inter;474
20x2_3_U_1_100__R_uni;383
20x2_3_U_10_100__R_inter;511
20x2_3_U_10_100__R_uni;451
20x2_3_U_100_200__R_inter;1466
20x2_3_U_100_200__R_uni;1443
20x2_4_JobCorre_R_inter;527
20x2_4_JobCorre_R_uni;495
20x2_4_MachCorre_R_inter;200
20x2_4_MachCorre_R_uni;751
20x2_4_U_1_100__R_inter;369
20x2_4_U_1_100__R_uni;318
20x2_4_U_10_100__R_inter;395
20x2_4_U_10_100__R_uni;371
20x2_4_U_100_200__R_inter;1289
20x2_4_U_100_200__R_uni;1325
20x2_5_JobCorre_R_inter;633
20x2_5_JobCorre_R_uni;569
20x2_5_MachCorre_R_inter;718
20x2_5_MachCorre_R_uni;497
20x2_5_U_1_100__R_inter;500
20x2_5_U_1_100__R_uni;349
20x2_5_U_10_100__R_inter;531
20x2_5_U_10_100__R_uni;406
20x2_5_U_100_200__R_inter;1499
20x2_5_U_100_200__R_uni;1375
20x4_1_JobCorre_R_inter;374
20x4_1_JobCorre_R_uni;303
20x4_1_MachCorre_R_inter;164
20x4_1_MachCorre_R_uni;161
20x4_1_U_1_100__R_inter;113
20x4_1_U_1_100__R_uni;106
20x4_1_U_10_100__R_inter;150
20x4_1_U_10_100__R_uni;149
20x4_1_U_100_200__R_inter;623
20x4_1_U_100_200__R_uni;631
20x4_2_JobCorre_R_inter;328
20x4_2_JobCorre_R_uni;278
20x4_2_MachCorre_R_inter;387
20x4_2_MachCorre_R_uni;159
20x4_2_U_1_100__R_inter;110
20x4_2_U_1_100__R_uni;103
20x4_2_U_10_100__R_inter;147
20x4_2_U_10_100__R_uni;149
20x4_2_U_100_200__R_inter;626
20x4_2_U_100_200__R_uni;614
20x4_3_JobCorre_R_inter;328
20x4_3_JobCorre_R_uni;279
20x4_3_MachCorre_R_inter;202
20x4_3_MachCorre_R_uni;172
20x4_3_U_1_100__R_inter;108
20x4_3_U_1_100__R_uni;128
20x4_3_U_10_100__R_inter;147
20x4_3_U_10_100__R_uni;162
20x4_3_U_100_200__R_inter;609
20x4_3_U_100_200__R_uni;637
20x4_4_JobCorre_R_inter;254
20x4_4_JobCorre_R_uni;292
20x4_4_MachCorre_R_inter;234
20x4_4_MachCorre_R_uni;211
20x4_4_U_1_100__R_inter;96
20x4_4_U_1_100__R_uni;137
20x4_4_U_10_100__R_inter;134
20x4_4_U_10_100__R_uni;170
20x4_4_U_100_200__R_inter;604
20x4_4_U_100_200__R_uni;692
20x4_5_JobCorre_R_inter;297
20x4_5_JobCorre_R_uni;409
20x4_5_MachCorre_R_inter;391
20x4_5_MachCorre_R_uni;236
20x4_5_U_1_100__R_inter;109
20x4_5_U_1_100__R_uni;118
20x4_5_U_10_100__R_inter;152
20x4_5_U_10_100__R_uni;159
20x4_5_U_100_200__R_inter;613
20x4_5_U_100_200__R_uni;639
20x6_1_JobCorre_R_inter;212
20x6_1_JobCorre_R_uni;194
20x6_1_MachCorre_R_inter;177
20x6_1_MachCorre_R_uni;58
20x6_1_U_1_100__R_inter;75
20x6_1_U_1_100__R_uni;54
20x6_1_U_10_100__R_inter;102
20x6_1_U_10_100__R_uni;81
20x6_1_U_100_200__R_inter;440
20x6_1_U_100_200__R_uni;423
20x6_2_JobCorre_R_inter;171
20x6_2_JobCorre_R_uni;171
20x6_2_MachCorre_R_inter;162
20x6_2_MachCorre_R_uni;95
20x6_2_U_1_100__R_inter;82
20x6_2_U_1_100__R_uni;60
20x6_2_U_10_100__R_inter;107
20x6_2_U_10_100__R_uni;88
20x6_2_U_100_200__R_inter;456
20x6_2_U_100_200__R_uni;437
20x6_3_JobCorre_R_inter;185
20x6_3_JobCorre_R_uni;233
20x6_3_MachCorre_R_inter;192
20x6_3_MachCorre_R_uni;163
20x6_3_U_1_100__R_inter;59
20x6_3_U_1_100__R_uni;62
20x6_3_U_10_100__R_inter;86
20x6_3_U_10_100__R_uni;89
20x6_3_U_100_200__R_inter;436
20x6_3_U_100_200__R_uni;448
20x6_4_JobCorre_R_inter;182
20x6_4_JobCorre_R_uni;201
20x6_4_MachCorre_R_inter;62
20x6_4_MachCorre_R_uni;185
20x6_4_U_1_100__R_inter;51
20x6_4_U_1_100__R_uni;77
20x6_4_U_10_100__R_inter;76
20x6_4_U_10_100__R_uni;98
20x6_4_U_100_200__R_inter;420
20x6_4_U_100_200__R_uni;438
20x6_5_JobCorre_R_inter;164
20x6_5_JobCorre_R_uni;203
20x6_5_MachCorre_R_inter;143
20x6_5_MachCorre_R_uni;68
20x6_5_U_1_100__R_inter;61
20x6_5_U_1_100__R_uni;66
20x6_5_U_10_100__R_inter;88
20x6_5_U_10_100__R_uni;89
20x6_5_U_100_200__R_inter;428
20x6_5_U_100_200__R_uni;428
25x2_1_JobCorre_R_inter;768
25x2_1_JobCorre_R_uni;721
25x2_1_MachCorre_R_inter;1563
25x2_1_MachCorre_R_uni;248
25x2_1_U_1_100__R_inter;632
25x2_1_U_1_100__R_uni;432
25x2_1_U_10_100__R_inter;677
25x2_1_U_10_100__R_uni;524
25x2_1_U_100_200__R_inter;1858
25x2_1_U_100_200__R_uni;1783
25x2_2_JobCorre_R_inter;785
25x2_2_JobCorre_R_uni;824
25x2_2_MachCorre_R_inter;1266
25x2_2_MachCorre_R_uni;760
25x2_2_U_1_100__R_inter;807
25x2_2_U_1_100__R_uni;565
25x2_2_U_10_100__R_inter;859
25x2_2_U_10_100__R_uni;629
25x2_2_U_100_200__R_inter;2138
25x2_2_U_100_200__R_uni;1816
25x2_3_JobCorre_R_inter;1009
25x2_3_JobCorre_R_uni;722
25x2_3_MachCorre_R_inter;185
25x2_3_MachCorre_R_uni;639
25x2_3_U_1_100__R_inter;414
25x2_3_U_1_100__R_uni;500
25x2_3_U_10_100__R_inter;485
25x2_3_U_10_100__R_uni;580
25x2_3_U_100_200__R_inter;1641
25x2_3_U_100_200__R_uni;1804
25x2_4_JobCorre_R_inter;846
25x2_4_JobCorre_R_uni;685
25x2_4_MachCorre_R_inter;324
25x2_4_MachCorre_R_uni;568
25x2_4_U_1_100__R_inter;544
25x2_4_U_1_100__R_uni;388
25x2_4_U_10_100__R_inter;594
25x2_4_U_10_100__R_uni;479
25x2_4_U_100_200__R_inter;1733
25x2_4_U_100_200__R_uni;1688
25x2_5_JobCorre_R_inter;894
25x2_5_JobCorre_R_uni;768
25x2_5_MachCorre_R_inter;1259
25x2_5_MachCorre_R_uni;1099
25x2_5_U_1_100__R_inter;490
25x2_5_U_1_100__R_uni;576
25x2_5_U_10_100__R_inter;577
25x2_5_U_10_100__R_uni;647
25x2_5_U_100_200__R_inter;1805
25x2_5_U_100_200__R_uni;1967
25x4_1_JobCorre_R_inter;355
25x4_1_JobCorre_R_uni;427
25x4_1_MachCorre_R_inter;286
25x4_1_MachCorre_R_uni;145
25x4_1_U_1_100__R_inter;132
25x4_1_U_1_100__R_uni;169
25x4_1_U_10_100__R_inter;175
25x4_1_U_10_100__R_uni;199
25x4_1_U_100_200__R_inter;757
25x4_1_U_100_200__R_uni;815
25x4_2_JobCorre_R_inter;414
25x4_2_JobCorre_R_uni;418
25x4_2_MachCorre_R_inter;180
25x4_2_MachCorre_R_uni;323
25x4_2_U_1_100__R_inter;115
25x4_2_U_1_100__R_uni;130
25x4_2_U_10_100__R_inter;164
25x4_2_U_10_100__R_uni;173
25x4_2_U_100_200__R_inter;752
25x4_2_U_100_200__R_uni;823
25x4_3_JobCorre_R_inter;362
25x4_3_JobCorre_R_uni;328
25x4_3_MachCorre_R_inter;648
25x4_3_MachCorre_R_uni;348
25x4_3_U_1_100__R_inter;127
25x4_3_U_1_100__R_uni;154
25x4_3_U_10_100__R_inter;170
25x4_3_U_10_100__R_uni;201
25x4_3_U_100_200__R_inter;752
25x4_3_U_100_200__R_uni;797
25x4_4_JobCorre_R_inter;409
25x4_4_JobCorre_R_uni;381
25x4_4_MachCorre_R_inter;205
25x4_4_MachCorre_R_uni;163
25x4_4_U_1_100__R_inter;142
25x4_4_U_1_100__R_uni;162
25x4_4_U_10_100__R_inter;188
25x4_4_U_10_100__R_uni;209
25x4_4_U_100_200__R_inter;781
25x4_4_U_100_200__R_uni;780
25x4_5_JobCorre_R_inter;330
25x4_5_JobCorre_R_uni;390
25x4_5_MachCorre_R_inter;240
25x4_5_MachCorre_R_uni;365
25x4_5_U_1_100__R_inter;151
25x4_5_U_1_100__R_uni;206
25x4_5_U_10_100__R_inter;198
25x4_5_U_10_100__R_uni;245
25x4_5_U_100_200__R_inter;784
25x4_5_U_100_200__R_uni;885
25x6_1_JobCorre_R_inter;236
25x6_1_JobCorre_R_uni;222
25x6_1_MachCorre_R_inter;154
25x6_1_MachCorre_R_uni;88
25x6_1_U_1_100__R_inter;74
25x6_1_U_1_100__R_uni;71
25x6_1_U_10_100__R_inter;104
25x6_1_U_10_100__R_uni;102
25x6_1_U_100_200__R_inter;534
25x6_1_U_100_200__R_uni;538
25x6_2_JobCorre_R_inter;181
25x6_2_JobCorre_R_uni;188
25x6_2_MachCorre_R_inter;191
25x6_2_MachCorre_R_uni;211
25x6_2_U_1_100__R_inter;89
25x6_2_U_1_100__R_uni;91
25x6_2_U_10_100__R_inter;124
25x6_2_U_10_100__R_uni;126
25x6_2_U_100_200__R_inter;541
25x6_2_U_100_200__R_uni;566
25x6_3_JobCorre_R_inter;231
25x6_3_JobCorre_R_uni;207
25x6_3_MachCorre_R_inter;197
25x6_3_MachCorre_R_uni;217
25x6_3_U_1_100__R_inter;57
25x6_3_U_1_100__R_uni;75
25x6_3_U_10_100__R_inter;91
25x6_3_U_10_100__R_uni;115
25x6_3_U_100_200__R_inter;530
25x6_3_U_100_200__R_uni;545
25x6_4_JobCorre_R_inter;230
25x6_4_JobCorre_R_uni;263
25x6_4_MachCorre_R_inter;217
25x6_4_MachCorre_R_uni;158
25x6_4_U_1_100__R_inter;58
25x6_4_U_1_100__R_uni;66
25x6_4_U_10_100__R_inter;97
25x6_4_U_10_100__R_uni;106
25x6_4_U_100_200__R_inter;531
25x6_4_U_100_200__R_uni;525
25x6_5_JobCorre_R_inter;288
25x6_5_JobCorre_R_uni;241
25x6_5_MachCorre_R_inter;170
25x6_5_MachCorre_R_uni;200
25x6_5_U_1_100__R_inter;67
25x6_5_U_1_100__R_uni;71
25x6_5_U_10_100__R_inter;102
25x6_5_U_10_100__R_uni;107
25x6_5_U_100_200__R_inter;522
25x6_5_U_100_200__R_uni;569
30x2_1_JobCorre_R_inter;1183
30x2_1_JobCorre_R_uni;787
30x2_1_MachCorre_R_inter;331
30x2_1_MachCorre_R_uni;861
30x2_1_U_1_100__R_inter;701
30x2_1_U_1_100__R_uni;678
30x2_1_U_10_100__R_inter;761
30x2_1_U_10_100__R_uni;770
30x2_1_U_100_200__R_inter;2223
30x2_1_U_100_200__R_uni;2249
30x2_2_JobCorre_R_inter;1131
30x2_2_JobCorre_R_uni;810
30x2_2_MachCorre_R_inter;725
30x2_2_MachCorre_R_uni;543
30x2_2_U_1_100__R_inter;512
30x2_2_U_1_100__R_uni;470
30x2_2_U_10_100__R_inter;611
30x2_2_U_10_100__R_uni;563
30x2_2_U_100_200__R_inter;1989
30x2_2_U_100_200__R_uni;2044
30x2_3_JobCorre_R_inter;1314
30x2_3_JobCorre_R_uni;770
30x2_3_MachCorre_R_inter;930
30x2_3_MachCorre_R_uni;1558
30x2_3_U_1_100__R_inter;483
30x2_3_U_1_100__R_uni;726
30x2_3_U_10_100__R_inter;552
30x2_3_U_10_100__R_uni;818
30x2_3_U_100_200__R_inter;1953
30x2_3_U_100_200__R_uni;2268
30x2_4_JobCorre_R_inter;711
30x2_4_JobCorre_R_uni;892
30x2_4_MachCorre_R_inter;544
30x2_4_MachCorre_R_uni;907
30x2_4_U_1_100__R_inter;471
30x2_4_U_1_100__R_uni;543
30x2_4_U_10_100__R_inter;571
30x2_4_U_10_100__R_uni;630
30x2_4_U_100_200__R_inter;1966
30x2_4_U_100_200__R_uni;2092
30x2_5_JobCorre_R_inter;920
30x2_5_JobCorre_R_uni;874
30x2_5_MachCorre_R_inter;1342
30x2_5_MachCorre_R_uni;900
30x2_5_U_1_100__R_inter;604
30x2_5_U_1_100__R_uni;412
30x2_5_U_10_100__R_inter;663
30x2_5_U_10_100__R_uni;515
30x2_5_U_100_200__R_inter;1994
30x2_5_U_100_200__R_uni;1976
30x4_1_JobCorre_R_inter;421
30x4_1_JobCorre_R_uni;371
30x4_1_MachCorre_R_inter;293
30x4_1_MachCorre_R_uni;321
30x4_1_U_1_100__R_inter;156
30x4_1_U_1_100__R_uni;127
30x4_1_U_10_100__R_inter;214
30x4_1_U_10_100__R_uni;179
30x4_1_U_100_200__R_inter;941
30x4_1_U_100_200__R_uni;883
30x4_2_JobCorre_R_inter;481
30x4_2_JobCorre_R_uni;465
30x4_2_MachCorre_R_inter;204
30x4_2_MachCorre_R_uni;121
30x4_2_U_1_100__R_inter;139
30x4_2_U_1_100__R_uni;179
30x4_2_U_10_100__R_inter;195
30x4_2_U_10_100__R_uni;235
30x4_2_U_100_200__R_inter;899
30x4_2_U_100_200__R_uni;958
30x4_3_JobCorre_R_inter;432
30x4_3_JobCorre_R_uni;481
30x4_3_MachCorre_R_inter;193
30x4_3_MachCorre_R_uni;563
30x4_3_U_1_100__R_inter;176
30x4_3_U_1_100__R_uni;164
30x4_3_U_10_100__R_inter;232
30x4_3_U_10_100__R_uni;217
30x4_3_U_100_200__R_inter;932
30x4_3_U_100_200__R_uni;937
30x4_4_JobCorre_R_inter;425
30x4_4_JobCorre_R_uni;381
30x4_4_MachCorre_R_inter;155
30x4_4_MachCorre_R_uni;380
30x4_4_U_1_100__R_inter;139
30x4_4_U_1_100__R_uni;108
30x4_4_U_10_100__R_inter;194
30x4_4_U_10_100__R_uni;170
30x4_4_U_100_200__R_inter;887
30x4_4_U_100_200__R_uni;880
30x4_5_JobCorre_R_inter;351
30x4_5_JobCorre_R_uni;405
30x4_5_MachCorre_R_inter;165
30x4_5_MachCorre_R_uni;216
30x4_5_U_1_100__R_inter;151
30x4_5_U_1_100__R_uni;218
30x4_5_U_10_100__R_inter;203
30x4_5_U_10_100__R_uni;257
30x4_5_U_100_200__R_inter;903
30x4_5_U_100_200__R_uni;957
30x6_1_JobCorre_R_inter;346
30x6_1_JobCorre_R_uni;287
30x6_1_MachCorre_R_inter;211
30x6_1_MachCorre_R_uni;255
30x6_1_U_1_100__R_inter;74
30x6_1_U_1_100__R_uni;82
30x6_1_U_10_100__R_inter;113
30x6_1_U_10_100__R_uni;119
30x6_1_U_100_200__R_inter;580
30x6_1_U_100_200__R_uni;662
30x6_2_JobCorre_R_inter;310
30x6_2_JobCorre_R_uni;246
30x6_2_MachCorre_R_inter;426
30x6_2_MachCorre_R_uni;182
30x6_2_U_1_100__R_inter;88
30x6_2_U_1_100__R_uni;84
30x6_2_U_10_100__R_inter;127
30x6_2_U_10_100__R_uni;122
30x6_2_U_100_200__R_inter;591
30x6_2_U_100_200__R_uni;599
30x6_3_JobCorre_R_inter;270
30x6_3_JobCorre_R_uni;273
30x6_3_MachCorre_R_inter;186
30x6_3_MachCorre_R_uni;217
30x6_3_U_1_100__R_inter;79
30x6_3_U_1_100__R_uni;95
30x6_3_U_10_100__R_inter;118
30x6_3_U_10_100__R_uni;132
30x6_3_U_100_200__R_inter;588
30x6_3_U_100_200__R_uni;622
30x6_4_JobCorre_R_inter;359
30x6_4_JobCorre_R_uni;269
30x6_4_MachCorre_R_inter;110
30x6_4_MachCorre_R_uni;357
30x6_4_U_1_100__R_inter;66
30x6_4_U_1_100__R_uni;82
30x6_4_U_10_100__R_inter;105
30x6_4_U_10_100__R_uni;122
30x6_4_U_100_200__R_inter;574
30x6_4_U_100_200__R_uni;593
30x6_5_JobCorre_R_inter;366
30x6_5_JobCorre_R_uni;302
30x6_5_MachCorre_R_inter;494
30x6_5_MachCorre_R_uni;173
30x6_5_U_1_100__R_inter;89
30x6_5_U_1_100__R_uni;98
30x6_5_U_10_100__R_inter;126
30x6_5_U_10_100__R_uni;132
30x6_5_U_100_200__R_inter;600
30x6_5_U_100_200__R_uni;599
